<?xml version="1.0" encoding="UTF-8" ?>
<!DOCTYPE mapper
  PUBLIC "-//mybatis.org//DTD Mapper 3.0//EN"
  "https://mybatis.org/dtd/mybatis-3-mapper.dtd">

<!-- namespace: 해당 mapper파일의 고유한 별칭 -->

<mapper namespace="memberMapper">
  <resultMap type="Member" id="memberResultSet">
  	<!--<result column="테이블 컬럼명" property="객체의 필드명"/>-->
  	<result column="USER_NAME" property="userName"/>
  	<result column="USER_ID" property="userId"/>
  	<result column="USER_PWD" property="userPwd"/>
  	<result column="PHONE" property="phone"/>
	<result column="ADDRESS" property="address"/>
  	<result column="BIRTHDAY" property="birthday"/>
  	<result column="GENDER" property="gender"/>
  	<result column="ENROLL_DATE" property="enrollDate"/>
  	<result column="MODIFY_DATE" property="modifyDate"/>
  	<result column="STATUS" property="status"/>
  </resultMap>

  <!-- 
  		*SELECT문 전송시
  		<select id="각sql문의 식별자" [parameterType="전달받을 자바타입"] resultMap="결과객체" | resultType="결과타입">
  		</select>
   -->
  <select id="loginMember" parameterType="Member" resultMap="memberResultSet">
    SELECT USER_NAME,
		   USER_ID,
		   USER_PWD,
		   PHONE,
		   ADDRESS,
		   BIRTHDAY,
		   GENDER,
		   ENROLL_DATE,
		   MODIFY_DATE,
		   STATUS
	 FROM MEMBER
	WHERE USER_ID = #{userId}
	  AND USER_PWD = #{userPwd}
	  AND STATUS = 'Y'
  </select>
  <!-- 
  		*DML문 일 경우 
  		<insert | update | delete id = "식별자" [parameterType="전달받을 자바타입"]>		
  -->
  <insert id="insertMember" parameterType="Member">
  	INSERT
  	INTO MEMBER
  	(
  		USER_NAME,
	    USER_ID,
	    USER_PWD,
	    PHONE,
	    ADDRESS,
	    BIRTHDAY,
	    GENDER,
	    ENROLL_DATE,
	    MODIFY_DATE,
	    STATUS
  	)
  	VALUES
  	(
  		SEQ_UNO.NEXTVAL,
  		#{userId},
  		#{userPwd},
  		#{userName},
  		#{email},
  		#{birthday},
  		#{gender},
  		#{phone},
  		#{address}
  	)
  </insert>
</mapper>